basin,nse_1day(s),nse_2day(s),nse_3day(s),nse_4day(s),nse_5day(s),nse_6day(s),nse_7day(s),nse
01/01022500,0.06928769499063492,0.14046907424926758,0.16424579918384552,0.1709844470024109,0.1755840927362442,0.1776796579360962,0.18456047773361206,0.15468434989452362
01/01031500,0.06672627478837967,0.11070603877305984,0.1262967437505722,0.13642320036888123,0.14688676595687866,0.14688409864902496,0.15058059990406036,0.1263565570116043
01/01047000,0.09722666442394257,0.1392761468887329,0.1464863419532776,0.16016273200511932,0.1638842672109604,0.1573588103055954,0.15641812980175018,0.1458296924829483
01/01052500,0.11655737459659576,0.15699346363544464,0.17191818356513977,0.19726629555225372,0.21214905381202698,0.22563540935516357,0.23969273269176483,0.1886020302772522
01/01055000,0.22856786847114563,0.2586136758327484,0.2774171829223633,0.28684037923812866,0.28284940123558044,0.27876946330070496,0.3107372224330902,0.27480077743530273
01/01057000,0.07761183381080627,0.11486785858869553,0.1357954442501068,0.1562403291463852,0.15898661315441132,0.1594700962305069,0.16724161803722382,0.1385982483625412
01/01073000,0.10133237391710281,0.13625584542751312,0.15350160002708435,0.16496999561786652,0.17583146691322327,0.18044808506965637,0.15742337703704834,0.15282250940799713
01/01078000,0.08078567683696747,0.1266399770975113,0.14826078712940216,0.15720631182193756,0.16661542654037476,0.1671522706747055,0.16833840310573578,0.14498858153820038
01/01123000,0.1752033233642578,0.20365212857723236,0.20841197669506073,0.21785764396190643,0.2353852093219757,0.23073507845401764,0.20960582792758942,0.21146562695503235
01/01137500,0.24473212659358978,0.29285433888435364,0.2913966774940491,0.3011395037174225,0.30754733085632324,0.2980944812297821,0.3272414207458496,0.29470017552375793
01/01139800,0.1780577003955841,0.20879022777080536,0.21990925073623657,0.23210471868515015,0.24269597232341766,0.25779151916503906,0.278475284576416,0.2310868352651596
01/01142500,0.15167248249053955,0.1877068132162094,0.2073379009962082,0.21834753453731537,0.2266109138727188,0.2614859342575073,0.27647390961647034,0.2184634953737259
01/01144000,0.08700912445783615,0.13851343095302582,0.1631135493516922,0.17940977215766907,0.18662843108177185,0.19403937458992004,0.20806075632572174,0.16521117091178894
01/01169000,0.15045611560344696,0.20992718636989594,0.23977982997894287,0.252794086933136,0.24916554987430573,0.25218573212623596,0.28994038701057434,0.23467949032783508
01/01170100,0.149923637509346,0.19198307394981384,0.21368610858917236,0.22726553678512573,0.23131456971168518,0.2446809858083725,0.2802857756614685,0.21970029175281525
01/01181000,0.16919343173503876,0.24034720659255981,0.2592041492462158,0.26715272665023804,0.26261723041534424,0.28132179379463196,0.2881956696510315,0.2521710693836212
01/01187300,0.16547735035419464,0.19332128763198853,0.1952892690896988,0.20674645900726318,0.2106356918811798,0.22459009289741516,0.2572731673717499,0.2071155309677124
01/01195100,0.3552963137626648,0.3625141978263855,0.35884416103363037,0.3680172860622406,0.3676258623600006,0.381358802318573,0.3588827848434448,0.3646414577960968
01/04296000,0.0949229747056961,0.15756364166736603,0.1918916404247284,0.21209727227687836,0.22356350719928741,0.225785031914711,0.22965702414512634,0.19077831506729126
02/01333000,0.13506488502025604,0.17608381807804108,0.1923789232969284,0.1988753080368042,0.22627517580986023,0.20417003333568573,0.2426312267780304,0.19646412134170532
02/01350000,0.20694859325885773,0.23682858049869537,0.25088563561439514,0.26015546917915344,0.25686153769493103,0.26227957010269165,0.3113638162612915,0.2548927962779999
02/01350080,0.2723519206047058,0.33799993991851807,0.35817694664001465,0.370829701423645,0.3716001808643341,0.37441882491111755,0.4082750976085663,0.35619765520095825
02/01365000,0.1606086641550064,0.178367018699646,0.18973900377750397,0.20559756457805634,0.21784575283527374,0.23210744559764862,0.2773118317127228,0.208614781498909
02/01411300,0.15749259293079376,0.20126105844974518,0.21162880957126617,0.22406622767448425,0.2343156784772873,0.24672681093215942,0.2662954330444336,0.22024986147880554
02/01413500,0.25053444504737854,0.29769447445869446,0.31295835971832275,0.32755258679389954,0.3231483995914459,0.3231656849384308,0.34701281785964966,0.3116852045059204
02/01414500,0.2250039130449295,0.2609920799732208,0.29497775435447693,0.3085726499557495,0.30841830372810364,0.32364246249198914,0.3795050084590912,0.300008624792099
02/01415000,0.21698680520057678,0.26646482944488525,0.2714245915412903,0.28539180755615234,0.2859728932380676,0.2856539487838745,0.32715368270874023,0.2769864499568939
02/01423000,0.14932970702648163,0.20191723108291626,0.20271888375282288,0.19515056908130646,0.19317801296710968,0.19489692151546478,0.22682340443134308,0.19482006132602692
02/01434025,0.22320501506328583,0.25923240184783936,0.2787560522556305,0.3011951446533203,0.2992570400238037,0.3058723211288452,0.38261905312538147,0.2927209436893463
02/01435000,0.19236983358860016,0.2044690102338791,0.20969383418560028,0.22176508605480194,0.22527804970741272,0.23870909214019775,0.2996926009654999,0.22725892066955566
02/01439500,0.0790729969739914,0.11439958214759827,0.14242568612098694,0.16173085570335388,0.17351624369621277,0.18045054376125336,0.1848268359899521,0.14785291254520416
02/01440000,0.16115467250347137,0.21389399468898773,0.22587504982948303,0.24006034433841705,0.2651943862438202,0.2590905427932739,0.2524431049823761,0.23092465102672577
02/01440400,0.18998578190803528,0.2176693230867386,0.22921042144298553,0.23427750170230865,0.25402024388313293,0.24056969583034515,0.24735982716083527,0.23036949336528778
02/01451800,0.15225370228290558,0.18224993348121643,0.196848064661026,0.20512723922729492,0.20496666431427002,0.20598140358924866,0.248943030834198,0.1993412971496582
02/01484100,0.3494919538497925,0.3312852382659912,0.33298760652542114,0.33855679631233215,0.31788134574890137,0.33646389842033386,0.3390343487262726,0.3351000249385834
02/01491000,0.17259906232357025,0.17791694402694702,0.1752360612154007,0.17658554017543793,0.1697234809398651,0.18773730099201202,0.22701291739940643,0.18382953107357025
02/01510000,0.18181002140045166,0.22570177912712097,0.2422032356262207,0.2537933886051178,0.26262983679771423,0.26538756489753723,0.2659246325492859,0.24247591197490692
02/01516500,0.43557754158973694,0.42819344997406006,0.4091552793979645,0.41026023030281067,0.4057769179344177,0.420311838388443,0.4598951041698456,0.4241648316383362
02/01518862,0.2768448293209076,0.31644195318222046,0.3167104125022888,0.31047603487968445,0.314258873462677,0.3177747130393982,0.3686838746070862,0.3173120319843292
02/01532000,0.4287969172000885,0.41693180799484253,0.3966044485569,0.4042704701423645,0.3874402940273285,0.41970816254615784,0.4573080241680145,0.415844589471817
02/01539000,0.14530032873153687,0.18160177767276764,0.18986749649047852,0.20225198566913605,0.21066345274448395,0.21215395629405975,0.21545977890491486,0.1938714236021042
02/01542810,0.19930993020534515,0.2659543454647064,0.26918211579322815,0.2766437530517578,0.28555047512054443,0.30004245042800903,0.31975358724594116,0.27377697825431824
02/01543500,0.10488902777433395,0.17051275074481964,0.1926351636648178,0.20402051508426666,0.21812057495117188,0.2332952618598938,0.24662964046001434,0.195726215839386
02/01544500,0.11058854311704636,0.17500407993793488,0.19669519364833832,0.20390714704990387,0.2184828817844391,0.23186200857162476,0.26685553789138794,0.20048144459724426
02/01545600,0.10899228602647781,0.13771843910217285,0.1577351838350296,0.17450368404388428,0.18472544848918915,0.1950967162847519,0.22817504405975342,0.16956065595149994
02/01547700,0.19584298133850098,0.24328693747520447,0.2555970549583435,0.2801411747932434,0.3011969029903412,0.29343104362487793,0.3474503457546234,0.27384835481643677
02/01548500,0.09010962396860123,0.14512678980827332,0.1637783944606781,0.17604802548885345,0.18069112300872803,0.1874619424343109,0.20415258407592773,0.1639067530632019
02/01549500,0.22154930233955383,0.24583299458026886,0.263156920671463,0.2683778703212738,0.26910507678985596,0.2824552059173584,0.3190009295940399,0.26704010367393494
02/01550000,0.2847055196762085,0.2954503297805786,0.2912313938140869,0.29800692200660706,0.31148427724838257,0.3194238245487213,0.3641383945941925,0.3091781437397003
02/01552000,0.17699746787548065,0.2205457240343094,0.21940690279006958,0.23596668243408203,0.24531182646751404,0.2557171583175659,0.2811390161514282,0.23346759378910065
02/01552500,0.31558310985565186,0.3255351781845093,0.33193349838256836,0.33093634247779846,0.34334176778793335,0.3550153374671936,0.3873659074306488,0.34125158190727234
02/01557500,0.14377517998218536,0.17493553459644318,0.19549699127674103,0.20892979204654694,0.22989758849143982,0.23063093423843384,0.27169883251190186,0.20790880918502808
02/01567500,0.3274233043193817,0.3630335330963135,0.39636221528053284,0.40562042593955994,0.40815603733062744,0.4045465290546417,0.4115820527076721,0.38810107111930847
02/01568000,0.1897599995136261,0.2589395046234131,0.275151789188385,0.2751431167125702,0.2903260886669159,0.28604811429977417,0.2912719249725342,0.26665550470352173
02/01580000,0.3009849190711975,0.30796554684638977,0.2997426986694336,0.3175187110900879,0.32566913962364197,0.3484204113483429,0.33293917775154114,0.3190128803253174
02/01586610,0.44351834058761597,0.413199245929718,0.3933609426021576,0.4020845890045166,0.40922626852989197,0.43047380447387695,0.4412148594856262,0.4190061092376709
02/01591400,0.5135090351104736,0.529332160949707,0.49847182631492615,0.5448386073112488,0.5556964874267578,0.5820356607437134,0.657019853591919,0.5543695688247681
02/01594950,0.23180975019931793,0.28514567017555237,0.2909664511680603,0.31338757276535034,0.31080737709999084,0.2824661135673523,0.30945825576782227,0.2891465127468109
02/01596500,0.17324437201023102,0.2410934716463089,0.2504136264324188,0.2670127749443054,0.2678624093532562,0.2550604045391083,0.24416682124137878,0.242693692445755
02/01605500,0.2894185483455658,0.31822746992111206,0.3419215977191925,0.3581574857234955,0.36350512504577637,0.36074700951576233,0.3527405560016632,0.34067144989967346
02/01606500,0.24231475591659546,0.2711138427257538,0.28485333919525146,0.2997882068157196,0.30084529519081116,0.3045477569103241,0.3058873116970062,0.2870471179485321
02/01632000,0.5630446076393127,0.5803377628326416,0.5920724868774414,0.5857061147689819,0.566065788269043,0.5982562899589539,0.6112549901008606,0.5852437615394592
02/01632900,0.43671372532844543,0.4765414595603943,0.4842861592769623,0.45650291442871094,0.4346438944339752,0.4137425422668457,0.48728397488594055,0.4556742310523987
02/01634500,0.3656933307647705,0.40309056639671326,0.4200592339038849,0.4206070303916931,0.4236580729484558,0.4098517596721649,0.46735188364982605,0.41575878858566284
02/01638480,0.36343875527381897,0.34457457065582275,0.3368968963623047,0.32859957218170166,0.3337070047855377,0.36616426706314087,0.43780747056007385,0.3587406873703003
02/01664000,0.22479835152626038,0.27119579911231995,0.2715227007865906,0.2753235399723053,0.27457866072654724,0.2751366198062897,0.30386072397232056,0.27090221643447876
02/01666500,0.33225589990615845,0.3438261151313782,0.34275808930397034,0.34426167607307434,0.35209041833877563,0.350212424993515,0.3797074854373932,0.34928902983665466
02/01667500,0.35482534766197205,0.37302011251449585,0.373971551656723,0.3750428259372711,0.3713068962097168,0.3703487515449524,0.38321951031684875,0.3716733157634735
02/01669000,0.15267303586006165,0.18347297608852386,0.1814904659986496,0.19172686338424683,0.1886938065290451,0.21090534329414368,0.23523887991905212,0.1920216977596283
02/01669520,0.22399258613586426,0.3073441982269287,0.34353944659233093,0.3348492383956909,0.31878215074539185,0.3356723487377167,0.3132557272911072,0.31106066703796387
02/02011400,0.1897551417350769,0.20957350730895996,0.2155836522579193,0.221835196018219,0.23020827770233154,0.23394644260406494,0.23469236493110657,0.21935687959194183
02/02013000,0.2199348658323288,0.24230696260929108,0.23242142796516418,0.2397242933511734,0.24766935408115387,0.24149543046951294,0.22824819386005402,0.23595398664474487
02/02014000,0.21756611764431,0.2440364956855774,0.2387208193540573,0.26011261343955994,0.2771551311016083,0.277278870344162,0.243063822388649,0.2509457767009735
02/02015700,0.2556210458278656,0.265224814414978,0.2735935151576996,0.2910391390323639,0.2918350398540497,0.29203397035598755,0.30591273307800293,0.28216293454170227
02/02016000,0.16958892345428467,0.20169135928153992,0.21053621172904968,0.22130252420902252,0.21728573739528656,0.22568544745445251,0.19911859929561615,0.20643503963947296
02/02017500,0.14061251282691956,0.16555102169513702,0.1766597181558609,0.18984895944595337,0.20295341312885284,0.20314449071884155,0.21013781428337097,0.18408799171447754
02/02018000,0.18126459419727325,0.19345566630363464,0.19474656879901886,0.21085985004901886,0.2183539718389511,0.2253153771162033,0.21628327667713165,0.2057350128889084
02/02027000,0.3066992461681366,0.37245500087738037,0.405828058719635,0.4031675159931183,0.43136730790138245,0.42313429713249207,0.43914490938186646,0.3973918855190277
02/02027500,0.40754908323287964,0.44847169518470764,0.44599905610084534,0.4490043520927429,0.46148571372032166,0.47194764018058777,0.5146904587745667,0.4570160210132599
02/02028500,0.26984477043151855,0.2980109751224518,0.30795612931251526,0.3133745491504669,0.3080292344093323,0.31234413385391235,0.3296114504337311,0.305582195520401
02/02038850,0.42742210626602173,0.46805140376091003,0.46445542573928833,0.47831103205680847,0.46452176570892334,0.44051259756088257,0.4554045796394348,0.4569569230079651
03/02051500,0.33528992533683777,0.3264690041542053,0.30768319964408875,0.31472620368003845,0.30083540081977844,0.2933121919631958,0.26195621490478516,0.3057578504085541
03/02053800,0.2189418226480484,0.24080906808376312,0.2588965594768524,0.26485753059387207,0.2729467451572418,0.2742834687232971,0.28981271386146545,0.2600783407688141
03/02055100,0.2792082130908966,0.29651355743408203,0.3005434572696686,0.30085456371307373,0.298686146736145,0.3220864236354828,0.3636060357093811,0.30877771973609924
03/02056900,0.2307576984167099,0.24017609655857086,0.25368034839630127,0.25411152839660645,0.25779101252555847,0.25860387086868286,0.2745971977710724,0.2528151869773865
03/02059500,0.3321083188056946,0.33327847719192505,0.3168039619922638,0.3147704005241394,0.31758353114128113,0.31868916749954224,0.34057101607322693,0.32482755184173584
03/02064000,0.5136610865592957,0.48410969972610474,0.48464229702949524,0.4855402112007141,0.4884061813354492,0.4840424358844757,0.4947725236415863,0.49073994159698486
03/02065500,0.3589782416820526,0.3802812099456787,0.3828248679637909,0.3807232975959778,0.38657066226005554,0.37520813941955566,0.3835023045539856,0.3782980442047119
03/02070000,0.24506157636642456,0.27537503838539124,0.2838854491710663,0.29361671209335327,0.297800749540329,0.29291021823883057,0.3043724596500397,0.2847186028957367
03/02074500,0.3784799575805664,0.3768034875392914,0.3686755299568176,0.3573611080646515,0.35665982961654663,0.3632727265357971,0.3931810259819031,0.3706333637237549
03/02077200,0.5451003313064575,0.5651684999465942,0.57181316614151,0.5769659876823425,0.5786994695663452,0.5904701352119446,0.5720657110214233,0.5714689493179321
03/02081500,0.2538131773471832,0.2284780591726303,0.24218414723873138,0.24761413037776947,0.23442420363426208,0.22686433792114258,0.22642146050930023,0.2371145784854889
03/02082950,0.512407124042511,0.5095516443252563,0.5098989605903625,0.5145813822746277,0.5222554206848145,0.5354393124580383,0.5123478770256042,0.5166390538215637
03/02096846,0.390462189912796,0.3722798228263855,0.37479841709136963,0.36707603931427,0.381671667098999,0.3838023543357849,0.4003307819366455,0.381488561630249
03/02102908,0.32775452733039856,0.35919618606567383,0.35802626609802246,0.3629382848739624,0.3702170252799988,0.3757585287094116,0.3850598633289337,0.3626914918422699
03/02111180,0.33464452624320984,0.3367833197116852,0.33844566345214844,0.3435124456882477,0.35165849328041077,0.35442039370536804,0.38223567605018616,0.3488059639930725
03/02111500,0.30540916323661804,0.3279873728752136,0.3344690501689911,0.33621078729629517,0.33458176255226135,0.33647969365119934,0.42774951457977295,0.34325918555259705
03/02112120,0.29563087224960327,0.31057894229888916,0.3167358636856079,0.3221292197704315,0.3244118392467499,0.32376858592033386,0.3880339562892914,0.3258986175060272
03/02112360,0.2125077098608017,0.23742005228996277,0.250039279460907,0.2619174122810364,0.2617672085762024,0.2676997482776642,0.29455214738845825,0.2551236152648926
03/02118500,0.2378871887922287,0.24797269701957703,0.2397058755159378,0.23319783806800842,0.2406330108642578,0.2446516752243042,0.29986053705215454,0.24912883341312408
03/02125000,0.3746262788772583,0.38716375827789307,0.4184994399547577,0.4251708388328552,0.4554814398288727,0.4601822793483734,0.59779953956604,0.44551295042037964
03/02140991,0.2460310161113739,0.24334515631198883,0.24492111802101135,0.24935504794120789,0.25075238943099976,0.25731825828552246,0.2919996678829193,0.2548128068447113
03/02143000,0.24518699944019318,0.2751356065273285,0.26345422863960266,0.26489755511283875,0.27389565110206604,0.27395743131637573,0.3680361211299896,0.28065425157546997
03/02149000,0.2121518850326538,0.2575393319129944,0.25865912437438965,0.2651526927947998,0.28094953298568726,0.2847813069820404,0.28317785263061523,0.2632019519805908
03/02152100,0.2838038504123688,0.3083961606025696,0.31606802344322205,0.3555499315261841,0.3660074770450592,0.3636486530303955,0.5003219246864319,0.35626018047332764
03/02178400,0.1594529151916504,0.15776370465755463,0.1591084897518158,0.15794052183628082,0.15431943535804749,0.14920440316200256,0.1980147510766983,0.16225895285606384
03/02193340,0.3257012367248535,0.3138866722583771,0.3033146560192108,0.29675135016441345,0.2968195676803589,0.3089366853237152,0.372500479221344,0.31684452295303345
03/02196000,0.2346300184726715,0.24635499715805054,0.23575332760810852,0.23809072375297546,0.2425750344991684,0.24944241344928741,0.2925788164138794,0.2484896183013916
03/02198100,0.3912581503391266,0.4474194645881653,0.4485287666320801,0.4550943374633789,0.468593031167984,0.48821720480918884,0.5627737045288086,0.4659839868545532
03/02202600,0.11303143948316574,0.23180635273456573,0.29628288745880127,0.3279455900192261,0.3485749065876007,0.36898958683013916,0.373380571603775,0.2942509651184082
03/02212600,0.37627148628234863,0.3786126971244812,0.374260812997818,0.3750801980495453,0.3718702495098114,0.3634548783302307,0.3852117657661438,0.37496596574783325
03/02215100,0.13440509140491486,0.23792339861392975,0.2567513585090637,0.25128883123397827,0.25899866223335266,0.2561008930206299,0.2747655212879181,0.2386035919189453
03/02216180,0.19264596700668335,0.2528236508369446,0.2573837339878082,0.2643169164657593,0.26323044300079346,0.28018489480018616,0.3166412115097046,0.26103222370147705
03/02221525,0.3590872883796692,0.35877472162246704,0.37841150164604187,0.35422998666763306,0.35129642486572266,0.34834304451942444,0.3620651066303253,0.3588867485523224
03/02245500,0.2495819330215454,0.3820246458053589,0.421491414308548,0.4377366900444031,0.4505521357059479,0.4633096754550934,0.5017549395561218,0.41520997881889343
03/02246000,0.17672856152057648,0.2664684057235718,0.31048721075057983,0.3245603144168854,0.33799052238464355,0.35106369853019714,0.40744268894195557,0.31067949533462524
03/02296500,0.027848921716213226,0.07714976370334625,0.11889839172363281,0.14716096222400665,0.1859673410654068,0.22913146018981934,0.2625254690647125,0.14979307353496552
03/02297155,0.299593061208725,0.44869041442871094,0.4634268283843994,0.48478662967681885,0.5196418166160583,0.5414433479309082,0.5811493992805481,0.4769631326198578
03/02342933,0.48512208461761475,0.506937563419342,0.4879841208457947,0.486707478761673,0.488116055727005,0.48137471079826355,0.48650655150413513,0.4889640510082245
03/02349900,0.32550740242004395,0.3642188012599945,0.362763375043869,0.36140355467796326,0.3588029742240906,0.3687850832939148,0.40572747588157654,0.36388644576072693
03/02350900,0.21960589289665222,0.2518485486507416,0.2605630159378052,0.26268041133880615,0.26913008093833923,0.2608664333820343,0.2631846070289612,0.2554108202457428
03/02361000,0.46930137276649475,0.48394617438316345,0.48660871386528015,0.48799780011177063,0.4906606078147888,0.486615926027298,0.49322396516799927,0.48547935485839844
03/02363000,0.33087974786758423,0.3650142550468445,0.36979225277900696,0.3788139820098877,0.38170042634010315,0.4138149917125702,0.37647566199302673,0.37378454208374023
03/02371500,0.18598349392414093,0.24706456065177917,0.26338380575180054,0.2693692445755005,0.2826680541038513,0.2919789254665375,0.28118228912353516,0.2602327764034271
03/02372250,0.3152700662612915,0.3986040949821472,0.43820270895957947,0.43245843052864075,0.4510946571826935,0.46292397379875183,0.4353078007698059,0.41912248730659485
03/02374500,0.20844824612140656,0.34406042098999023,0.31927934288978577,0.31147855520248413,0.30894944071769714,0.37272149324417114,0.3442760705947876,0.3156026303768158
03/02381600,0.2969551384449005,0.31305956840515137,0.3220241963863373,0.3317772448062897,0.33547443151474,0.3257119953632355,0.3135916292667389,0.3198002576828003
03/02384540,0.2828945815563202,0.3037433624267578,0.30497172474861145,0.31005725264549255,0.3289038836956024,0.3173874616622925,0.3366250693798065,0.3120850622653961
03/02395120,0.3435627818107605,0.3442736864089966,0.33926165103912354,0.3489895462989807,0.34564995765686035,0.3429320752620697,0.31596431136131287,0.3400901257991791
03/02415000,0.16522200405597687,0.17381495237350464,0.17382308840751648,0.1717732697725296,0.17812930047512054,0.1758478879928589,0.1687115877866745,0.17247463762760162
03/02427250,0.1823062151670456,0.17982028424739838,0.18668152391910553,0.1923508197069168,0.19522424042224884,0.1875661164522171,0.1874307245016098,0.18733994662761688
03/02430085,0.3024185597896576,0.3067917823791504,0.3121775686740875,0.3090544641017914,0.3128173053264618,0.32544317841529846,0.3045133352279663,0.31045952439308167
03/02450250,0.207523912191391,0.2149263471364975,0.22140911221504211,0.22104512155056,0.22404713928699493,0.23184120655059814,0.26373040676116943,0.2263607233762741
03/02464000,0.15080183744430542,0.1824062317609787,0.17726626992225647,0.18399067223072052,0.19182127714157104,0.18068303167819977,0.16138574481010437,0.17547932267189026
03/02464360,0.2507733404636383,0.24734365940093994,0.2540722191333771,0.25767749547958374,0.2442442625761032,0.2535993158817291,0.25919482111930847,0.25241509079933167
03/02465493,0.3701111078262329,0.38491514325141907,0.38481858372688293,0.38834404945373535,0.39220526814460754,0.3925812840461731,0.4046870470046997,0.3882373869419098
03/02469800,0.18105004727840424,0.19656136631965637,0.20144662261009216,0.20529289543628693,0.206205353140831,0.20151068270206451,0.2008528858423233,0.19898861646652222
03/02472000,0.1099395900964737,0.14533273875713348,0.15151439607143402,0.16662366688251495,0.17452295124530792,0.16662321984767914,0.15785503387451172,0.15320219099521637
03/02472500,0.21433764696121216,0.23160842061042786,0.23147033154964447,0.2369648665189743,0.2590371370315552,0.26710864901542664,0.22795510292053223,0.2383546680212021
03/02479155,0.34309646487236023,0.37536922097206116,0.37568119168281555,0.3675857484340668,0.3751259744167328,0.37728261947631836,0.4024251699447632,0.3737953305244446
03/02479300,0.10106820613145828,0.18253280222415924,0.2105545699596405,0.22222964465618134,0.22843016684055328,0.23110856115818024,0.2329532504081726,0.20126989483833313
03/02479560,0.10543826967477798,0.17026087641716003,0.19056713581085205,0.18921281397342682,0.19456546008586884,0.20033647119998932,0.19308485090732574,0.1776380091905594
03/02481000,0.20624731481075287,0.2415914684534073,0.24129065871238708,0.25210314989089966,0.25597280263900757,0.25864067673683167,0.30342596769332886,0.25132542848587036
04/04015330,0.3347195088863373,0.3609427213668823,0.36268067359924316,0.3596187233924866,0.3582768142223358,0.344475656747818,0.3584539294242859,0.35416680574417114
04/04024430,0.1656181663274765,0.2449825406074524,0.2785922586917877,0.3145507574081421,0.3382250666618347,0.3591206967830658,0.3808809220790863,0.29742351174354553
04/04027000,0.08809498697519302,0.1775965839624405,0.24375100433826447,0.2820297181606293,0.30112919211387634,0.29742467403411865,0.28546246886253357,0.23935243487358093
04/04040500,0.04455973207950592,0.1042701005935669,0.15314042568206787,0.1891261339187622,0.2174929976463318,0.22534020245075226,0.23280870914459229,0.16667009890079498
04/04043050,0.09827204048633575,0.16717243194580078,0.2201894372701645,0.2629481554031372,0.3000732362270355,0.2946476936340332,0.2914363443851471,0.23353299498558044
04/04045500,0.0038671984802931547,0.011528760194778442,0.02201732248067856,0.03565169498324394,0.05110219866037369,0.0649949461221695,0.08268379420042038,0.0388353131711483
04/04057510,0.03907918557524681,0.09323083609342575,0.12854509055614471,0.15414272248744965,0.1727193295955658,0.1873948872089386,0.199040487408638,0.13916271924972534
04/04057800,0.062395527958869934,0.13514800369739532,0.18986935913562775,0.23582270741462708,0.2661394476890564,0.26794251799583435,0.26594045758247375,0.20331960916519165
04/04059500,0.021730074658989906,0.05670800060033798,0.09086286276578903,0.12277204543352127,0.14539912343025208,0.16176532208919525,0.17633619904518127,0.11079671233892441
04/04063700,0.019690178334712982,0.05800587311387062,0.0954517275094986,0.1298801302909851,0.15934714674949646,0.18490082025527954,0.2067529708147049,0.12199940532445908
04/04074950,0.028103012591600418,0.0684412494301796,0.098665252327919,0.12447470426559448,0.1476656198501587,0.16761939227581024,0.18564461171627045,0.11722265928983688
04/04115265,0.22891223430633545,0.3193730413913727,0.3546445667743683,0.37051305174827576,0.3587114214897156,0.33970150351524353,0.3269049823284149,0.3283967971801758
04/04122200,0.03636470437049866,0.07947324216365814,0.10789814591407776,0.12690915167331696,0.1418398916721344,0.14962579309940338,0.1630525439977646,0.11502153426408768
04/04122500,0.021799620240926743,0.061088502407073975,0.09218567609786987,0.11189377307891846,0.1250593513250351,0.1320139616727829,0.14263823628425598,0.09809142351150513
04/04127918,0.10291946679353714,0.16654784977436066,0.1978440284729004,0.21430917084217072,0.2300504595041275,0.23828333616256714,0.24527305364608765,0.1993175595998764
04/04127997,0.1321822553873062,0.18031097948551178,0.20508547127246857,0.22420285642147064,0.23479774594306946,0.2409503161907196,0.2507147490978241,0.20976009964942932
04/04161580,0.08852322399616241,0.16694851219654083,0.22199636697769165,0.26003870368003845,0.28523391485214233,0.308034211397171,0.3185795247554779,0.235632985830307
04/04185000,0.045918770134449005,0.11304380744695663,0.1516920030117035,0.16941340267658234,0.17322053015232086,0.17439116537570953,0.18229632079601288,0.1442830115556717
04/04196800,0.11277978122234344,0.17621910572052002,0.19456112384796143,0.21358047425746918,0.22653427720069885,0.23945295810699463,0.2585301101207733,0.20309419929981232
04/04197100,0.15442083775997162,0.2747918665409088,0.2824593484401703,0.2796352505683899,0.29384395480155945,0.29660844802856445,0.28094130754470825,0.26610004901885986
04/04197170,0.19296394288539886,0.2328251302242279,0.23447665572166443,0.23800553381443024,0.2328549027442932,0.22866933047771454,0.24838225543498993,0.22973981499671936
04/04213000,0.19808992743492126,0.270050972700119,0.2895355820655823,0.28803977370262146,0.2907795310020447,0.2901003658771515,0.3017880618572235,0.27548450231552124
04/04213075,0.4900844097137451,0.5146098136901855,0.518373966217041,0.500230610370636,0.4884133040904999,0.49546751379966736,0.5034220814704895,0.5015143156051636
04/04216418,0.23879662156105042,0.2644122838973999,0.27250349521636963,0.2669330835342407,0.2534027695655823,0.2492777556180954,0.2753674387931824,0.26009878516197205
04/04221000,0.19319835305213928,0.2429998517036438,0.2596460282802582,0.25612810254096985,0.2625989615917206,0.27062344551086426,0.2900567948818207,0.2536059319972992
04/04224775,0.2522822320461273,0.30044060945510864,0.30712807178497314,0.29872170090675354,0.2937905490398407,0.29598549008369446,0.3396959900856018,0.29829004406929016
04/04233000,0.29223528504371643,0.3297730088233948,0.3341807723045349,0.33830323815345764,0.3267141878604889,0.3216628432273865,0.4075378179550171,0.335769385099411
04/04256000,0.09944108128547668,0.14745037257671356,0.1717974990606308,0.18526428937911987,0.1923653483390808,0.2007637768983841,0.20181870460510254,0.17126430571079254
05/03010655,0.12415578961372375,0.21712113916873932,0.24598662555217743,0.25011909008026123,0.2590102553367615,0.27386775612831116,0.2830212712287903,0.23617921769618988
05/03011800,0.15118981897830963,0.21826834976673126,0.2604322135448456,0.2734343707561493,0.28412485122680664,0.2989285886287689,0.3069951832294464,0.2561928331851959
05/03015500,0.12720990180969238,0.18799500167369843,0.2057485431432724,0.20605462789535522,0.20446515083312988,0.20470930635929108,0.21250461041927338,0.1926705241203308
05/03021350,0.2612910866737366,0.309966504573822,0.3210550844669342,0.3222590982913971,0.32774457335472107,0.32300856709480286,0.31191760301589966,0.3110351264476776
05/03026500,0.21217089891433716,0.2809033691883087,0.31471383571624756,0.3407334089279175,0.35165977478027344,0.3565896451473236,0.3439563810825348,0.314389169216156
05/03028000,0.15247535705566406,0.19854781031608582,0.22015993297100067,0.22613413631916046,0.23876099288463593,0.2481471300125122,0.25667428970336914,0.22012896835803986
05/03049000,0.2076757699251175,0.2697307765483856,0.29163527488708496,0.31391119956970215,0.31491345167160034,0.30041372776031494,0.31411391496658325,0.2874852120876312
05/03049800,0.4855758547782898,0.5292912721633911,0.5706602931022644,0.6105941534042358,0.6317036151885986,0.6239374279975891,0.5938173532485962,0.5779428482055664
05/03050000,0.1659950613975525,0.198030486702919,0.2078234851360321,0.20365317165851593,0.19902975857257843,0.2008935809135437,0.19776801764965057,0.19616925716400146
05/03069500,0.14896593987941742,0.17821206152439117,0.18398012220859528,0.18173223733901978,0.18413855135440826,0.18713778257369995,0.1793372482061386,0.17764025926589966
05/03070500,0.14572148025035858,0.18708276748657227,0.1947775036096573,0.20064526796340942,0.20484477281570435,0.19921039044857025,0.18242506682872772,0.18780629336833954
05/03076600,0.18151767551898956,0.2640843093395233,0.2895457446575165,0.31182271242141724,0.3044320344924927,0.2980775535106659,0.3113030195236206,0.28010204434394836
05/03078000,0.21871478855609894,0.2562534511089325,0.2667354941368103,0.27582496404647827,0.2804850935935974,0.2687903046607971,0.2728642523288727,0.2628072202205658
05/03140000,0.22984671592712402,0.24556738138198853,0.26083219051361084,0.25228121876716614,0.26425763964653015,0.2618172764778137,0.26747414469718933,0.25458258390426636
05/03144000,0.23285387456417084,0.22087226808071136,0.20917218923568726,0.21489965915679932,0.2450704425573349,0.24488873779773712,0.27940940856933594,0.23531001806259155
05/03170000,0.14267690479755402,0.17158861458301544,0.17580175399780273,0.18762566149234772,0.17789500951766968,0.18072928488254547,0.1680821180343628,0.17205652594566345
05/03173000,0.1992792785167694,0.23715120553970337,0.24081361293792725,0.2454560250043869,0.24451984465122223,0.23361395299434662,0.24433280527591705,0.23502172529697418
05/03180500,0.20382000505924225,0.25062641501426697,0.25788798928260803,0.25287896394729614,0.24251186847686768,0.23034773766994476,0.23615919053554535,0.239176943898201
05/03182500,0.12042202800512314,0.15515020489692688,0.1673911064863205,0.16758175194263458,0.16810406744480133,0.16831235587596893,0.17377865314483643,0.16009745001792908
05/03237280,0.46392056345939636,0.498512327671051,0.4849189221858978,0.4795491695404053,0.519443690776825,0.5262589454650879,0.5319061279296875,0.5006150007247925
05/03237500,0.2784268260002136,0.2803173065185547,0.28233546018600464,0.2752496600151062,0.27436795830726624,0.27793070673942566,0.2951579988002777,0.2805405855178833
05/03241500,0.10654991865158081,0.12833848595619202,0.14103533327579498,0.15131543576717377,0.15954993665218353,0.16851013898849487,0.1836572140455246,0.14842312037944794
05/03280700,0.2813054621219635,0.32677707076072693,0.3533494174480438,0.36236247420310974,0.3808414340019226,0.35779479146003723,0.3176698386669159,0.3383469879627228
05/03281500,0.12612386047840118,0.1253989338874817,0.13438639044761658,0.1412045657634735,0.1419256031513214,0.14210468530654907,0.13477811217308044,0.13496826589107513
05/03285000,0.27265724539756775,0.2752678394317627,0.28300708532333374,0.28674817085266113,0.2877610921859741,0.29596611857414246,0.28286096453666687,0.2834443151950836
05/03291780,0.348222553730011,0.32573556900024414,0.3237415850162506,0.3327556550502777,0.33225029706954956,0.3441263735294342,0.35640838742256165,0.3376060128211975
05/03338780,0.2072012573480606,0.2601926028728485,0.25334563851356506,0.2765094041824341,0.2720744013786316,0.2784387469291687,0.3076777458190918,0.2650631070137024
05/03340800,0.15365004539489746,0.16854970157146454,0.180192232131958,0.18084582686424255,0.19165439903736115,0.19183534383773804,0.17805492877960205,0.17782627046108246
05/03346000,0.15353533625602722,0.19158415496349335,0.18381184339523315,0.18542857468128204,0.1898709386587143,0.19236209988594055,0.1779937446117401,0.1820838749408722
05/03364500,0.14663569629192352,0.18597964942455292,0.18490174412727356,0.17798759043216705,0.17835727334022522,0.17507749795913696,0.21133339405059814,0.1800392121076584
05/03366500,0.2698119878768921,0.26522645354270935,0.26005974411964417,0.25175753235816956,0.2466277778148651,0.25497785210609436,0.2580034136772156,0.2580662667751312
05/03368000,0.40159839391708374,0.40275296568870544,0.3692191243171692,0.358396053314209,0.3473931550979614,0.35945630073547363,0.33954012393951416,0.3683362603187561
05/03384450,0.2559249997138977,0.2623826563358307,0.26954835653305054,0.27230313420295715,0.27913516759872437,0.3037046790122986,0.33794036507606506,0.2829912304878235
06/03439000,0.15307949483394623,0.15584053099155426,0.1481863260269165,0.1362656056880951,0.13524894416332245,0.13681265711784363,0.17605158686637878,0.148783877491951
06/03455500,0.28165653347969055,0.288054883480072,0.2929108142852783,0.279895156621933,0.2737085521221161,0.265433669090271,0.3768114149570465,0.29406654834747314
06/03456500,0.20824578404426575,0.23641887307167053,0.24050484597682953,0.23772086203098297,0.22553879022598267,0.22527365386486053,0.2673671543598175,0.23443903028964996
06/03460000,0.172730952501297,0.19678719341754913,0.21118570864200592,0.21346606314182281,0.21335351467132568,0.21394187211990356,0.22710293531417847,0.2069409340620041
06/03471500,0.20165131986141205,0.24954259395599365,0.2667829096317291,0.26809924840927124,0.2610076069831848,0.25821515917778015,0.264350563287735,0.2528086006641388
06/03473000,0.1281568557024002,0.17845919728279114,0.19783958792686462,0.20623937249183655,0.20028863847255707,0.20126579701900482,0.19715853035449982,0.18706049025058746
06/03479000,0.30288559198379517,0.29498428106307983,0.2983999252319336,0.29494956135749817,0.3019751012325287,0.29770249128341675,0.3359783887863159,0.3038378059864044
06/03488000,0.15961921215057373,0.23545534908771515,0.2605339288711548,0.26666396856307983,0.2706187963485718,0.2702687978744507,0.27275165915489197,0.24798248708248138
06/03498500,0.14237850904464722,0.14509667456150055,0.15266945958137512,0.15388479828834534,0.15389138460159302,0.14707086980342865,0.1592891812324524,0.1506119817495346
06/03500000,0.07416559010744095,0.09000961482524872,0.09964713454246521,0.09762702137231827,0.10046463459730148,0.10406455397605896,0.11242001503705978,0.09691568464040756
06/03500240,0.12874804437160492,0.13503937423229218,0.1406600922346115,0.13582181930541992,0.13530057668685913,0.14036056399345398,0.15079286694526672,0.13810482621192932
06/03574500,0.252905011177063,0.26192769408226013,0.25596436858177185,0.2587040662765503,0.25502440333366394,0.2513672113418579,0.2607903480529785,0.2566690146923065
06/03592718,0.34871795773506165,0.36875417828559875,0.3763018548488617,0.3666178286075592,0.3594423830509186,0.3811732530593872,0.35897767543792725,0.3657122254371643
06/03604000,0.38269156217575073,0.36558422446250916,0.36845409870147705,0.36744263768196106,0.3650978207588196,0.3660016357898712,0.35512521862983704,0.3671993613243103
07/05291000,0.2424769103527069,0.40859007835388184,0.46750524640083313,0.5231524109840393,0.5759984254837036,0.6028674244880676,0.6071176528930664,0.4896717369556427
07/05362000,0.09515438973903656,0.2111133486032486,0.2862429916858673,0.3237597644329071,0.32590970396995544,0.3169551491737366,0.3081001341342926,0.26674702763557434
07/05393500,0.13005030155181885,0.21591246128082275,0.25151920318603516,0.268880158662796,0.2694574296474457,0.26904812455177307,0.28063809871673584,0.24078623950481415
07/05399500,0.25484079122543335,0.37321901321411133,0.4053354859352112,0.40901315212249756,0.42623209953308105,0.41432520747184753,0.3935336172580719,0.3823568522930145
07/05413500,0.3171122670173645,0.40999042987823486,0.40556371212005615,0.40776360034942627,0.4134702980518341,0.3980604112148285,0.37824568152427673,0.3900277614593506
07/05444000,0.403237521648407,0.4671177268028259,0.4731030762195587,0.48653700947761536,0.48328545689582825,0.5077312588691711,0.5690109133720398,0.48428747057914734
07/05454000,0.4496361315250397,0.4452122747898102,0.4716588854789734,0.46706658601760864,0.4769117832183838,0.47719109058380127,0.5349145531654358,0.4746558368206024
07/05458000,0.23371155560016632,0.29653310775756836,0.3063845932483673,0.3196090757846832,0.349694162607193,0.34343311190605164,0.3410941958427429,0.31292203068733215
07/05466500,0.15677689015865326,0.23696403205394745,0.23377473652362823,0.24493539333343506,0.2567780017852783,0.25692692399024963,0.2585349977016449,0.2349555343389511
07/05487980,0.2936748266220093,0.2904733717441559,0.2733820080757141,0.2762660086154938,0.28157126903533936,0.2850584089756012,0.29714739322662354,0.28536760807037354
07/05488200,0.30398789048194885,0.31003695726394653,0.3149365186691284,0.319339394569397,0.3157898485660553,0.3152368366718292,0.3153857886791229,0.31353044509887695
07/05489000,0.22246216237545013,0.2301749587059021,0.23074091970920563,0.23571822047233582,0.23743417859077454,0.23602725565433502,0.2343117594718933,0.23240992426872253
07/05495000,0.17790353298187256,0.24503110349178314,0.25782376527786255,0.2646865248680115,0.2668333053588867,0.27212774753570557,0.27878764271736145,0.25188472867012024
07/05503800,0.2968703508377075,0.33213770389556885,0.33343344926834106,0.3459680378437042,0.35637661814689636,0.3521192669868469,0.36567291617393494,0.3403683006763458
07/05507600,0.3661140203475952,0.3837026357650757,0.4114478826522827,0.3935015797615051,0.380931556224823,0.37920063734054565,0.35418450832366943,0.3812975585460663
07/05508805,0.3444005250930786,0.33820489048957825,0.3318140208721161,0.32024016976356506,0.3192930817604065,0.3296128213405609,0.3271852433681488,0.3301072120666504
07/05525500,0.14456312358379364,0.21982048451900482,0.2363191694021225,0.2480442374944687,0.2620738744735718,0.26290956139564514,0.2736072242259979,0.23533424735069275
07/05556500,0.2152550369501114,0.2683723270893097,0.27952656149864197,0.24656477570533752,0.23290757834911346,0.24987372756004333,0.34194427728652954,0.26206323504447937
07/05584500,0.11891229450702667,0.15792490541934967,0.15191271901130676,0.15901315212249756,0.16794820129871368,0.17817404866218567,0.19532494246959686,0.16131535172462463
07/05591550,0.2914021909236908,0.2999478280544281,0.30082079768180847,0.3136609196662903,0.3316621482372284,0.29553794860839844,0.25009387731552124,0.2975892126560211
07/05592050,0.3153753876686096,0.31218549609184265,0.3040267825126648,0.30678799748420715,0.2994321882724762,0.286266028881073,0.29885512590408325,0.30327555537223816
07/05592575,0.3558935225009918,0.3668334484100342,0.3352001905441284,0.3286837339401245,0.33772534132003784,0.33667728304862976,0.34661686420440674,0.3439472019672394
07/05593575,0.2445119470357895,0.2543738782405853,0.26247885823249817,0.2608962953090668,0.26162680983543396,0.26542574167251587,0.27136069536209106,0.2600891888141632
07/05593900,0.3970397412776947,0.37835800647735596,0.3646319806575775,0.3736923933029175,0.3632529675960541,0.3607713580131531,0.35210269689559937,0.3699784576892853
07/05595730,0.24195925891399384,0.255903422832489,0.2627413868904114,0.26260319352149963,0.2720843553543091,0.26607808470726013,0.2956908643245697,0.2652944028377533
08/07291000,0.3641391098499298,0.344282865524292,0.3660312592983246,0.3521530032157898,0.3567667603492737,0.3714456260204315,0.37166628241539,0.36092641949653625
08/07359610,0.35826411843299866,0.3549322187900543,0.3452013432979584,0.34355658292770386,0.3501390218734741,0.36841121315956116,0.40121182799339294,0.3602450489997864
08/07362100,0.31877344846725464,0.3673732280731201,0.43477001786231995,0.46551164984703064,0.4842362105846405,0.47360944747924805,0.47488337755203247,0.43130815029144287
08/07362587,0.41659921407699585,0.4214608669281006,0.4099854528903961,0.4359250068664551,0.43513500690460205,0.4310126304626465,0.42340323328971863,0.4247887432575226
08/08013000,0.10322917252779007,0.19211485981941223,0.22361841797828674,0.23504005372524261,0.2573449909687042,0.2851983606815338,0.3008953034877777,0.2282053530216217
08/08014500,0.09396929293870926,0.17678719758987427,0.2120731770992279,0.23600800335407257,0.23851273953914642,0.2567835748195648,0.2648698687553406,0.2112872451543808
09/05057200,0.15569448471069336,0.31016796827316284,0.4121905267238617,0.47452735900878906,0.5247439742088318,0.5808790922164917,0.6209558248519897,0.43987971544265747
10/06221400,0.017967883497476578,0.036550503224134445,0.04839056357741356,0.05703212693333626,0.062230002135038376,0.06401404738426208,0.06936953216791153,0.05079507827758789
10/06278300,0.05880589783191681,0.10058700293302536,0.11423373967409134,0.12521986663341522,0.1329195201396942,0.14176931977272034,0.15588119626045227,0.11848864704370499
10/06289000,0.013484825380146503,0.02877127379179001,0.0407579243183136,0.05038224905729294,0.06030428037047386,0.07085911929607391,0.0816025659441948,0.049450766295194626
10/06291500,0.02519184723496437,0.050593793392181396,0.0717134103178978,0.08437806367874146,0.09846267849206924,0.11302290856838226,0.13248002529144287,0.08226095139980316
10/06311000,0.0478379987180233,0.08667820692062378,0.10997788608074188,0.12851661443710327,0.14248059689998627,0.1551320105791092,0.17205294966697693,0.12038269639015198
10/06332515,0.4352811574935913,0.635305643081665,0.7384808659553528,0.8127654790878296,0.8618735671043396,0.9000782370567322,0.9269073009490967,0.7586703896522522
10/06344600,0.49331745505332947,0.7855813503265381,0.887772798538208,0.9303815364837646,0.9423879384994507,0.9518246054649353,0.9585557579994202,0.8499743342399597
10/06350000,0.5536706447601318,0.6860470771789551,0.7977699637413025,0.8369014859199524,0.8635181784629822,0.8820598721504211,0.9128162860870361,0.7903972268104553
10/06352000,0.4442470371723175,0.5843303203582764,0.7158475518226624,0.7802349328994751,0.8189139366149902,0.8459576368331909,0.8692307472229004,0.722679615020752
10/06404000,0.4826904535293579,0.5123082399368286,0.5303939580917358,0.5410296320915222,0.5476672649383545,0.5733826160430908,0.600536048412323,0.5411434769630432
10/06406000,0.2686481773853302,0.3507993519306183,0.38653433322906494,0.40234246850013733,0.4202131927013397,0.46484971046447754,0.5259235501289368,0.40274778008461
10/06409000,0.19527503848075867,0.2483111470937729,0.28114742040634155,0.32617807388305664,0.36007964611053467,0.3832158148288727,0.39911171793937683,0.3133072555065155
10/06431500,0.24955499172210693,0.37396183609962463,0.4141784608364105,0.4300226867198944,0.44463831186294556,0.4633694589138031,0.4803796410560608,0.4080018103122711
10/06440200,0.6605819463729858,0.7573910355567932,0.7826629877090454,0.7822935581207275,0.7882312536239624,0.800729513168335,0.809847354888916,0.7688196301460266
10/06447500,0.5626453757286072,0.6476809978485107,0.6962303519248962,0.7283990383148193,0.7527462840080261,0.7664331793785095,0.7695813775062561,0.7033820152282715
10/06470800,0.4125549793243408,0.49008339643478394,0.5583758354187012,0.5938950777053833,0.6138097047805786,0.6426003575325012,0.6661310195922852,0.5682070851325989
10/06477500,0.3263222277164459,0.47000131011009216,0.5575388669967651,0.60917067527771,0.6459678411483765,0.6767421364784241,0.7011715173721313,0.5695591568946838
10/06479215,0.4875815808773041,0.632886528968811,0.7108790278434753,0.7449589371681213,0.7633978128433228,0.776884913444519,0.784512996673584,0.7001573443412781
10/06601000,0.62481290102005,0.63251793384552,0.6392393112182617,0.6365162134170532,0.6389450430870056,0.6436624526977539,0.6915222406387329,0.6438870429992676
10/06622700,0.02453584037721157,0.04807796701788902,0.06209957227110863,0.07413117587566376,0.08532354235649109,0.09575369954109192,0.10827725380659103,0.07117112725973129
10/06623800,0.011973116546869278,0.025670474395155907,0.03627096861600876,0.04493742436170578,0.05277568846940994,0.06114375591278076,0.07168857008218765,0.04349387437105179
10/06632400,0.023071320727467537,0.048684846609830856,0.06819688528776169,0.08505092561244965,0.0993272215127945,0.11428293585777283,0.12843814492225647,0.08100719749927521
10/06746095,0.032860442996025085,0.0743485689163208,0.11012611538171768,0.14033909142017365,0.1643732339143753,0.17969411611557007,0.1914677619934082,0.12760265171527863
10/06803530,0.4985646605491638,0.49366238713264465,0.5018021464347839,0.502282977104187,0.5025380253791809,0.5179842710494995,0.5259629487991333,0.5061138868331909
10/06814000,0.32651039958000183,0.39272868633270264,0.3795819580554962,0.3851776123046875,0.38818639516830444,0.3649762272834778,0.3760468661785126,0.3733154237270355
10/06847900,0.840840756893158,0.913155734539032,0.9151334762573242,0.9317585825920105,0.9273006319999695,0.9410972595214844,0.9590204954147339,0.918329119682312
10/06853800,0.36887234449386597,0.43991345167160034,0.43728867173194885,0.4891611635684967,0.5368750691413879,0.551283597946167,0.5960595607757568,0.48849233984947205
10/06876700,0.45786768198013306,0.5421096682548523,0.6078594326972961,0.6301687359809875,0.6347282528877258,0.6226674914360046,0.6240358948707581,0.5884903073310852
10/06878000,0.3460308909416199,0.4140690863132477,0.435565322637558,0.436845064163208,0.45016124844551086,0.46808961033821106,0.5234394669532776,0.4391706585884094
10/06885500,0.20988556742668152,0.22589638829231262,0.22906191647052765,0.23014342784881592,0.23870816826820374,0.2284054011106491,0.23718981444835663,0.22847002744674683
10/06889200,0.3720785677433014,0.3492000699043274,0.3957383334636688,0.4176636040210724,0.4105308949947357,0.3922552466392517,0.3122886121273041,0.3785364627838135
10/06889500,0.20516736805438995,0.2019825428724289,0.24155443906784058,0.2549390494823456,0.2516025900840759,0.24671894311904907,0.23216895759105682,0.23344765603542328
10/06903400,0.402276873588562,0.4343687891960144,0.43100807070732117,0.43379712104797363,0.48126929998397827,0.4850178360939026,0.42416271567344666,0.44170013070106506
10/06906800,0.2818683385848999,0.2644997239112854,0.2675875425338745,0.2717854678630829,0.26705309748649597,0.2635320723056793,0.2830812633037567,0.2713438868522644
10/06910800,0.2592962086200714,0.2694344222545624,0.2606813907623291,0.2609117031097412,0.28425875306129456,0.29581430554389954,0.3130328357219696,0.2776326835155487
10/06911900,0.24735552072525024,0.25585371255874634,0.2633036673069,0.2546393871307373,0.26520633697509766,0.2761518657207489,0.27621331810951233,0.2626747786998749
10/06917000,0.25070542097091675,0.24483753740787506,0.26558917760849,0.2852797210216522,0.26115384697914124,0.2836471498012543,0.2726150155067444,0.26626110076904297
10/06918460,0.3170901834964752,0.3392651379108429,0.3495837152004242,0.3429110646247864,0.34606727957725525,0.339094877243042,0.3673132061958313,0.3430461585521698
10/06919500,0.1642124503850937,0.20058020949363708,0.17949210107326508,0.155623659491539,0.14895741641521454,0.15774574875831604,0.17310024797916412,0.16853027045726776
10/06921200,0.25853151082992554,0.2753223180770874,0.2904464602470398,0.2866293489933014,0.2786126136779785,0.27794694900512695,0.30671319365501404,0.28202885389328003
11/07057500,0.2575925886631012,0.2571393549442291,0.2786829471588135,0.2794455289840698,0.26774778962135315,0.26834240555763245,0.32430335879325867,0.27617958188056946
11/07060710,0.4122632145881653,0.41471728682518005,0.3997802734375,0.4082319438457489,0.4214976727962494,0.4451804757118225,0.4382174015045166,0.4199840724468231
11/07066000,0.29779133200645447,0.26477500796318054,0.2933957874774933,0.2796740233898163,0.2834479808807373,0.27695801854133606,0.3130302429199219,0.2870102524757385
11/07142300,0.533331573009491,0.590501070022583,0.5957279205322266,0.6022615432739258,0.6130248308181763,0.6363544464111328,0.6555476784706116,0.6038200855255127
11/07145700,0.2589084804058075,0.31682467460632324,0.3124391436576843,0.3194928467273712,0.3085881769657135,0.30279505252838135,0.2946770191192627,0.3019607663154602
11/07167500,0.47023868560791016,0.48224595189094543,0.46721360087394714,0.4757500886917114,0.4727410078048706,0.47235509753227234,0.4895700514316559,0.47573065757751465
11/07180500,0.37289443612098694,0.38036975264549255,0.3821331560611725,0.38351380825042725,0.3859732449054718,0.397378534078598,0.4176500737667084,0.3885589838027954
11/07184000,0.381663054227829,0.3891007900238037,0.3868507146835327,0.3966347277164459,0.3878573477268219,0.4008597731590271,0.3877798318862915,0.39010655879974365
11/07196900,0.4820738732814789,0.4776695966720581,0.49333837628364563,0.488639235496521,0.48892033100128174,0.4960312843322754,0.5856316089630127,0.5017576813697815
11/07197000,0.20358289778232574,0.23402366042137146,0.25613725185394287,0.25635164976119995,0.26337677240371704,0.2659834921360016,0.30022162199020386,0.2542392909526825
11/07208500,0.11937278509140015,0.1696840226650238,0.20298662781715393,0.22729472815990448,0.24793383479118347,0.26744046807289124,0.2873411476612091,0.2174350619316101
11/07261000,0.25491398572921753,0.2970678508281708,0.3084562122821808,0.3141743540763855,0.3263617753982544,0.3391169309616089,0.35539770126342773,0.31364157795906067
11/07263295,0.27461007237434387,0.3319360613822937,0.34326431155204773,0.3746683895587921,0.3837314546108246,0.3490617573261261,0.311393141746521,0.3383808135986328
11/07301410,0.40430817008018494,0.5096985101699829,0.5283418893814087,0.5378317832946777,0.5380991697311401,0.5228140354156494,0.5329264998435974,0.510574221611023
11/07315200,0.8135694265365601,0.8184804916381836,0.8144595623016357,0.8097227215766907,0.8159929513931274,0.8200834393501282,0.8319920301437378,0.817757248878479
11/07315700,0.35390639305114746,0.41188088059425354,0.40843382477760315,0.42236271500587463,0.42285722494125366,0.44230231642723083,0.42255648970603943,0.4120428264141083
11/07335700,0.34406712651252747,0.3537085950374603,0.3604342043399811,0.37510278820991516,0.38562360405921936,0.40536659955978394,0.4173983931541443,0.37738507986068726
11/07346045,0.10240542143583298,0.15229782462120056,0.17295707762241364,0.17833325266838074,0.18222393095493317,0.19341103732585907,0.20689082145690918,0.16978663206100464
12/08023080,0.22926518321037292,0.3410032093524933,0.3903837203979492,0.4095406234264374,0.42511433362960815,0.4308397173881531,0.45034828782081604,0.3823563754558563
12/08050800,0.6597908735275269,0.6420212984085083,0.6216928362846375,0.610371470451355,0.607324481010437,0.6184139847755432,0.6556055545806885,0.6307457685470581
12/08066200,0.444911390542984,0.4235692620277405,0.4247567355632782,0.4232577979564667,0.4276185631752014,0.42859986424446106,0.45099911093711853,0.431958943605423
12/08066300,0.3160945475101471,0.43327033519744873,0.4613804519176483,0.4664037525653839,0.47116619348526,0.48134881258010864,0.481006383895874,0.4443836212158203
12/08070000,0.3864762485027313,0.47248008847236633,0.49106621742248535,0.47818028926849365,0.45178544521331787,0.44604456424713135,0.44960281252861023,0.453662246465683
12/08070200,0.4020930528640747,0.49950358271598816,0.4991726279258728,0.4896821975708008,0.4904581308364868,0.499838262796402,0.4810025691986084,0.4802500605583191
12/08086212,0.5319921970367432,0.48204049468040466,0.4699614644050598,0.45894134044647217,0.478396475315094,0.4858168661594391,0.6129728555679321,0.502874493598938
12/08086290,0.49634796380996704,0.45691198110580444,0.47107774019241333,0.4661250710487366,0.5050970315933228,0.5045694708824158,0.6412191390991211,0.505906879901886
12/08101000,0.33818477392196655,0.3410418629646301,0.34955593943595886,0.34693360328674316,0.35130858421325684,0.3438671827316284,0.37886953353881836,0.3499659299850464
12/08103900,0.3817133605480194,0.3867412805557251,0.39308735728263855,0.3869931995868683,0.3847286105155945,0.3816581666469574,0.44371387362480164,0.39409083127975464
12/08104900,0.36061498522758484,0.2970406413078308,0.25611191987991333,0.22087545692920685,0.2097305804491043,0.20825205743312836,0.2997111976146698,0.2646195888519287
12/08109700,0.24163050949573517,0.3103494346141815,0.340059369802475,0.35961365699768066,0.37217551469802856,0.34270915389060974,0.32710662484169006,0.3276633024215698
12/08150800,0.7814124822616577,0.7306501269340515,0.7265482544898987,0.7203637361526489,0.7007824182510376,0.6962699294090271,0.7541120648384094,0.7300198674201965
12/08158810,0.4192693531513214,0.42495352029800415,0.42666229605674744,0.4116969406604767,0.40960192680358887,0.30118370056152344,0.5551866888999939,0.4212220311164856
12/08164300,0.24960340559482574,0.23595520853996277,0.2264396995306015,0.24526634812355042,0.25912684202194214,0.24353820085525513,0.25414222478866577,0.24486741423606873
12/08164600,0.35060250759124756,0.3428783416748047,0.35059529542922974,0.34475159645080566,0.34657102823257446,0.34735792875289917,0.37227389216423035,0.3507186770439148
12/08165300,0.9381831884384155,0.9229080080986023,0.9010294675827026,0.8992477655410767,0.896094560623169,0.9004045128822327,0.9083536863327026,0.9094602465629578
12/08171300,0.26332899928092957,0.2631351351737976,0.26107871532440186,0.2518925070762634,0.27493342757225037,0.2525446116924286,0.3539426326751709,0.2744079828262329
12/08175000,0.4637196660041809,0.5236393809318542,0.5331718921661377,0.5351500511169434,0.5404595136642456,0.5404627323150635,0.5260049700737,0.523229718208313
12/08176900,0.5193371772766113,0.5543255805969238,0.5468226671218872,0.5386509299278259,0.5375585556030273,0.5569289922714233,0.5927051901817322,0.5494756102561951
12/08178880,2.021738052368164,2.068216323852539,2.1173863410949707,2.260024309158325,2.3209598064422607,2.194662094116211,1.2353081703186035,2.0311875343322754
12/08189500,0.2703686058521271,0.28981155157089233,0.28436219692230225,0.2870326340198517,0.32191377878189087,0.2960001528263092,0.2998148798942566,0.29275763034820557
12/08190000,0.5922191143035889,0.5882703065872192,0.5875422358512878,0.5940192937850952,0.5833204984664917,0.5936145782470703,0.6270605325698853,0.5951494574546814
12/08190500,0.8780454397201538,0.8684971332550049,0.8688134551048279,0.9005888104438782,0.9268508553504944,0.9165137410163879,0.9418540596961975,0.9001660943031311
12/08194200,0.711259126663208,0.929345965385437,0.9862011075019836,1.0214581489562988,1.0212178230285645,1.0082224607467651,0.9942128658294678,0.9531310796737671
12/08198500,0.8326468467712402,0.9946545362472534,1.0781434774398804,1.0912418365478516,1.0949554443359375,1.0096395015716553,0.8758193254470825,0.9967286586761475
12/08202700,0.9700249433517456,0.9769775867462158,0.9869563579559326,0.9887260794639587,0.9735648036003113,0.9647971391677856,0.961338460445404,0.9746266007423401
13/08267500,0.013294967822730541,0.029859043657779694,0.04265370965003967,0.05330129340291023,0.06158437207341194,0.07023386657238007,0.07928580790758133,0.05003361403942108
13/08269000,0.027995361015200615,0.047477398067712784,0.06111796572804451,0.0679268091917038,0.07704243063926697,0.0846857950091362,0.09344430267810822,0.0656713992357254
13/08271000,0.015216711908578873,0.030827153474092484,0.04281214252114296,0.05226980894804001,0.061548862606287,0.06970769166946411,0.07729360461235046,0.04995812103152275
13/08324000,0.05059732124209404,0.0882774293422699,0.11861661076545715,0.14564891159534454,0.17341654002666473,0.19156984984874725,0.21489332616329193,0.14043399691581726
13/08377900,0.053765919059515,0.08469589799642563,0.10788442939519882,0.12462282180786133,0.13574723899364471,0.14475581049919128,0.15399351716041565,0.11506941169500351
13/08378500,0.04796518385410309,0.07172524929046631,0.08920160681009293,0.10233884304761887,0.11266843229532242,0.12224235385656357,0.13234874606132507,0.09692949801683426
13/08380500,0.38389766216278076,0.4403373897075653,0.4617021977901459,0.4791894257068634,0.4955591857433319,0.5079345107078552,0.5275267362594604,0.47087979316711426
14/09035900,0.006558723282068968,0.014013145118951797,0.019852472469210625,0.02559150941669941,0.03182459995150566,0.03868960961699486,0.04624414071440697,0.026110976934432983
14/09066000,0.009737445041537285,0.02171170338988304,0.03165784478187561,0.04243579879403114,0.05282334238290787,0.06094999611377716,0.0688876062631607,0.04117177426815033
14/09066300,0.0100660789757967,0.024217020720243454,0.03830796107649803,0.05203275382518768,0.06693007051944733,0.08044131100177765,0.09159374982118607,0.05194124951958656
14/09081600,0.009106632322072983,0.019547199830412865,0.027279261499643326,0.03319963440299034,0.03992792218923569,0.04545021802186966,0.050606172531843185,0.03215998038649559
14/09107000,0.011610534973442554,0.021415144205093384,0.028455398976802826,0.03481980413198471,0.04203703999519348,0.0468473844230175,0.05262405052781105,0.03397307172417641
14/09210500,0.023389752954244614,0.05289803072810173,0.07581067830324173,0.09398411214351654,0.10673171281814575,0.11680043488740921,0.1238054409623146,0.08477482944726944
14/09223000,0.013909377157688141,0.03052925132215023,0.04504259303212166,0.0584786981344223,0.07599146664142609,0.09373215585947037,0.10981352627277374,0.0610707588493824
14/09306242,0.24952566623687744,0.2828579246997833,0.31042245030403137,0.3292081952095032,0.34654003381729126,0.35990238189697266,0.3768637478351593,0.3221878111362457
14/09312600,0.012740294449031353,0.026359518989920616,0.03924684226512909,0.04989916831254959,0.059500113129615784,0.0671084001660347,0.07493218779563904,0.04711206629872322
14/09378170,0.05502504110336304,0.1082412526011467,0.1678825467824936,0.23010367155075073,0.2743896543979645,0.31830406188964844,0.3895701467990875,0.22050216794013977
15/09386900,0.6542501449584961,0.7311537861824036,0.804806649684906,0.8377647399902344,0.8495163917541504,0.8553063869476318,0.8617804050445557,0.7992255091667175
15/09404450,0.043566182255744934,0.06473015248775482,0.07975489646196365,0.09879002720117569,0.09015742689371109,0.09424210339784622,0.09775733202695847,0.08128366619348526
15/09430600,0.37367165088653564,0.43812453746795654,0.4645312428474426,0.42152056097984314,0.4450722932815552,0.44519123435020447,0.46633365750312805,0.43634945154190063
15/09447800,0.9212069511413574,0.9252982139587402,0.9328839182853699,0.9337368011474609,0.934001088142395,0.9399706721305847,0.9477940797805786,0.9335559010505676
15/09484600,0.5571596622467041,0.6023861765861511,0.5901668667793274,0.5938173532485962,0.5657961964607239,0.5592473745346069,0.6791020631790161,0.5925251841545105
15/09494000,0.1380886733531952,0.17450286448001862,0.1843201220035553,0.19663694500923157,0.21522724628448486,0.23012399673461914,0.2405335009098053,0.19706198573112488
15/09497980,0.3516947627067566,0.3953697979450226,0.3918101191520691,0.39083319902420044,0.3878229260444641,0.4000265300273895,0.4447448253631592,0.3946145474910736
15/09505350,0.39528173208236694,0.4239751100540161,0.42277082800865173,0.418723464012146,0.42381805181503296,0.44920867681503296,0.4824804365634918,0.43089404702186584
15/09505800,0.4221668839454651,0.4371688961982727,0.4316987693309784,0.4374144375324249,0.4397067427635193,0.45084038376808167,0.47648805379867554,0.4422120451927185
15/09508300,0.35278385877609253,0.37874025106430054,0.3812129497528076,0.3858838975429535,0.38377389311790466,0.4117024540901184,0.5045257806777954,0.3998033404350281
16/10234500,0.021766947582364082,0.05190788954496384,0.07732141017913818,0.09677507728338242,0.11218579858541489,0.12552869319915771,0.13561488687992096,0.08872739970684052
16/10244950,0.004524572752416134,0.010222725570201874,0.01674269326031208,0.022429220378398895,0.027817457914352417,0.0325767919421196,0.03900077939033508,0.0219003614038229
16/10336660,0.21372036635875702,0.22293221950531006,0.19747291505336761,0.2013024091720581,0.2028646022081375,0.20125828683376312,0.20161749422550201,0.20588114857673645
17/12010000,0.08117688447237015,0.09321559965610504,0.08896324038505554,0.09717369824647903,0.1010999083518982,0.11109154671430588,0.11594964563846588,0.09838010370731354
17/12013500,0.09356493502855301,0.10746555030345917,0.10262936353683472,0.10332641750574112,0.10807420313358307,0.11524045467376709,0.1194707453250885,0.10710916668176651
17/12020000,0.17263004183769226,0.18238399922847748,0.17263144254684448,0.1764715015888214,0.17950136959552765,0.18735933303833008,0.21593588590621948,0.18384365737438202
17/12025700,0.137107253074646,0.1492985635995865,0.1525801122188568,0.1514762043952942,0.16179586946964264,0.1730729639530182,0.16880890727043152,0.15630362927913666
17/12041200,0.19385147094726562,0.22657081484794617,0.23284827172756195,0.24957819283008575,0.2460252046585083,0.2501406967639923,0.26352736353874207,0.23750290274620056
17/12048000,0.1537284553050995,0.22156137228012085,0.23552121222019196,0.24358336627483368,0.2589769661426544,0.27343761920928955,0.2980550527572632,0.2406787872314453
17/12054000,0.1955222338438034,0.22620941698551178,0.23194251954555511,0.24027979373931885,0.23689879477024078,0.2349078357219696,0.2409798800945282,0.22953106462955475
17/12056500,0.1996031105518341,0.22812092304229736,0.2363276183605194,0.2585192918777466,0.26070600748062134,0.2638290226459503,0.2555846869945526,0.24323643743991852
17/12073500,0.1625441610813141,0.16425059735774994,0.1692485511302948,0.17755962908267975,0.17683130502700806,0.1794738620519638,0.20482225716114044,0.17638877034187317
17/12082500,0.12781573832035065,0.17856429517269135,0.19936585426330566,0.22129656374454498,0.23635050654411316,0.23274414241313934,0.25442740321159363,0.2072085440158844
17/12092000,0.14982998371124268,0.18834620714187622,0.20395639538764954,0.21080170571804047,0.22480829060077667,0.22834767401218414,0.26410046219825745,0.21001441776752472
17/12114500,0.1603098213672638,0.2095775604248047,0.2467820942401886,0.2777595818042755,0.2934313118457794,0.296524316072464,0.3426532447338104,0.2609902024269104
17/12115000,0.17657870054244995,0.21583998203277588,0.24621792137622833,0.26896679401397705,0.28215524554252625,0.28002142906188965,0.3022703528404236,0.2531405985355377
17/12143600,0.14458324015140533,0.1744881570339203,0.1797051578760147,0.19406598806381226,0.20751504600048065,0.21197617053985596,0.2319619208574295,0.19203634560108185
17/12144000,0.13340455293655396,0.15932120382785797,0.16418492794036865,0.1782524585723877,0.19029109179973602,0.1904016137123108,0.20675913989543915,0.1746526062488556
17/12147500,0.15209755301475525,0.15929654240608215,0.16168878972530365,0.17644274234771729,0.17026910185813904,0.17251251637935638,0.2033226191997528,0.17080144584178925
17/12167000,0.2214302122592926,0.2341824769973755,0.24674092233181,0.2542126476764679,0.2645762860774994,0.27137839794158936,0.2904670834541321,0.2547098398208618
17/12175500,0.09891589730978012,0.1363545060157776,0.14896006882190704,0.1630551517009735,0.1719985157251358,0.16507136821746826,0.17410492897033691,0.15120643377304077
17/12178100,0.1325221061706543,0.1619340032339096,0.17610475420951843,0.18812794983386993,0.18754665553569794,0.19016890227794647,0.21203258633613586,0.17834366858005524
17/12186000,0.1509571224451065,0.1810607612133026,0.19556587934494019,0.1996237188577652,0.19940470159053802,0.2132875621318817,0.2089068442583084,0.1926811784505844
17/12189500,0.1996089220046997,0.2258569747209549,0.24301037192344666,0.24588753283023834,0.24758389592170715,0.2649674117565155,0.2923126220703125,0.24559441208839417
17/12375900,0.06333909183740616,0.10572747141122818,0.12534603476524353,0.1421438306570053,0.15302006900310516,0.1578400582075119,0.16035853326320648,0.12968435883522034
17/12377150,0.0366121307015419,0.060477666556835175,0.07057836651802063,0.0791405737400055,0.08617245405912399,0.09209132939577103,0.10022973269224167,0.07504604011774063
17/12381400,0.014870344661176205,0.02874535508453846,0.03946460038423538,0.04805690050125122,0.05539928376674652,0.059088755398988724,0.06352827697992325,0.04416566342115402
17/12383500,0.014127577655017376,0.03289199247956276,0.04659804329276085,0.05621456354856491,0.06466715782880783,0.07062426209449768,0.07615458965301514,0.051615070551633835
17/12390700,0.06703831255435944,0.10782419890165329,0.1285790354013443,0.14143796265125275,0.16681940853595734,0.1949666291475296,0.21004889905452728,0.14523768424987793
17/12411000,0.07519624382257462,0.10811273753643036,0.12934637069702148,0.14696243405342102,0.16826428472995758,0.1996881514787674,0.2205498218536377,0.1497243046760559
17/12447390,0.016005590558052063,0.03711473569273949,0.057882752269506454,0.0762796625494957,0.09284595400094986,0.10956597328186035,0.12712135910987854,0.0738292783498764
17/12451000,0.03576396405696869,0.05875955522060394,0.07686349749565125,0.09319502115249634,0.10305918008089066,0.10937731713056564,0.11720041930675507,0.08488412201404572
17/12488500,0.03888161852955818,0.08522191643714905,0.12012623250484467,0.14608654379844666,0.16446591913700104,0.1783258318901062,0.18503673374652863,0.13114933669567108
17/13011500,0.01691136509180069,0.03152412548661232,0.04412201792001724,0.05817974731326103,0.07140682637691498,0.08557595312595367,0.09930451214313507,0.05814671888947487
17/13011900,0.011830944567918777,0.022992976009845734,0.03218955919146538,0.04283060133457184,0.052425798028707504,0.060732968151569366,0.0695357397198677,0.041791919618844986
17/13018300,0.021401140838861465,0.03464484587311745,0.04590053856372833,0.05568883195519447,0.06464269757270813,0.07180796563625336,0.0795958861708641,0.053383585065603256
17/13161500,0.014915221370756626,0.033012934029102325,0.04962102323770523,0.06302288174629211,0.07383118569850922,0.08224806189537048,0.0919363796710968,0.05837003514170647
17/13235000,0.012130246497690678,0.025792306289076805,0.03650205582380295,0.0489942729473114,0.0647263452410698,0.08319421857595444,0.10078326612710953,0.05316006392240524
17/13240000,0.031015953049063683,0.05729397013783455,0.07386984676122665,0.09109359234571457,0.10748756676912308,0.12125101685523987,0.1241050735116005,0.08658713847398758
17/13313000,0.011786511167883873,0.024407261982560158,0.03437059000134468,0.04162194952368736,0.055172909051179886,0.06931298226118088,0.0795244500041008,0.04517079517245293
17/14020000,0.11618777364492416,0.1747489720582962,0.2151726484298706,0.24396665394306183,0.2576427757740021,0.27150192856788635,0.29268965125083923,0.22455070912837982
17/14137000,0.18660691380500793,0.2003137320280075,0.20499615371227264,0.2252560406923294,0.26224660873413086,0.266206294298172,0.31783774495124817,0.23762699961662292
17/14138800,0.18439139425754547,0.21861055493354797,0.23792964220046997,0.2573753595352173,0.27594777941703796,0.2944282591342926,0.33480870723724365,0.2576367259025574
17/14138870,0.1572863757610321,0.18492209911346436,0.1966194361448288,0.2081594169139862,0.2157915234565735,0.226236954331398,0.252142071723938,0.20587529242038727
17/14139800,0.17643554508686066,0.1966254711151123,0.20424912869930267,0.2221202850341797,0.22767274081707,0.25036874413490295,0.2827136516571045,0.2228793352842331
17/14154500,0.11942172795534134,0.14615419507026672,0.14950448274612427,0.15215905010700226,0.15629196166992188,0.1677643060684204,0.18812572956085205,0.15420076251029968
17/14158790,0.12980897724628448,0.18059520423412323,0.1925736963748932,0.2016984522342682,0.21828113496303558,0.2475767284631729,0.2908742427825928,0.20876266062259674
17/14166500,0.10276013612747192,0.1375867873430252,0.1617981642484665,0.18855777382850647,0.20072147250175476,0.21743008494377136,0.2365446239709854,0.17790739238262177
17/14182500,0.2418670505285263,0.25125157833099365,0.26604190468788147,0.2691863179206848,0.27768951654434204,0.29168856143951416,0.32885655760765076,0.27522170543670654
17/14185000,0.11276967823505402,0.12342751026153564,0.1298723816871643,0.13331301510334015,0.1406071037054062,0.14289595186710358,0.16788311302661896,0.13582104444503784
17/14185900,0.11414396017789841,0.1271415650844574,0.13773229718208313,0.14656555652618408,0.15431302785873413,0.1586235761642456,0.18720291554927826,0.14652776718139648
17/14187000,0.07623481750488281,0.09386565536260605,0.0977906808257103,0.10037194937467575,0.10850252956151962,0.10840748250484467,0.12875501811504364,0.10198704153299332
17/14216500,0.16081255674362183,0.22124488651752472,0.26157304644584656,0.2851083278656006,0.29532018303871155,0.3078486919403076,0.3260997235774994,0.26541435718536377
17/14222500,0.12330161035060883,0.13394246995449066,0.14853426814079285,0.1551501601934433,0.16434220969676971,0.19109377264976501,0.20814445614814758,0.1606382578611374
17/14236200,0.14848783612251282,0.1635150909423828,0.1719924360513687,0.17448657751083374,0.1873881220817566,0.19756056368350983,0.22257684171199799,0.18085309863090515
17/14301000,0.0573890320956707,0.07158280909061432,0.07410141825675964,0.07741563767194748,0.0801297053694725,0.08878093957901001,0.09299454838037491,0.07748287916183472
17/14303200,0.13041049242019653,0.17031393945217133,0.1767929196357727,0.17291007936000824,0.18139059841632843,0.18739138543605804,0.20737241208553314,0.17522311210632324
17/14305500,0.11271987110376358,0.1327064037322998,0.14494577050209045,0.15146969258785248,0.15565407276153564,0.16872723400592804,0.20058603584766388,0.1523970663547516
17/14306340,0.12758910655975342,0.14529117941856384,0.15679925680160522,0.1673264503479004,0.17033690214157104,0.17860251665115356,0.18221637606620789,0.1611645519733429
17/14306500,0.08213091641664505,0.09653408825397491,0.09926362335681915,0.10687240213155746,0.10823895782232285,0.12193091213703156,0.1221563071012497,0.10530136525630951
17/14308990,0.26746225357055664,0.2810337245464325,0.2871013581752777,0.2845943570137024,0.2733251452445984,0.27651292085647583,0.2866596579551697,0.2795269787311554
17/14309500,0.12222599983215332,0.15717367827892303,0.17132538557052612,0.17935502529144287,0.17741207778453827,0.18022602796554565,0.19514991343021393,0.16897988319396973
17/14316700,0.12346363812685013,0.13708378374576569,0.1433752477169037,0.15409959852695465,0.15964828431606293,0.1769387274980545,0.21492110192775726,0.15850113332271576
17/14325000,0.14650532603263855,0.1701529175043106,0.18036222457885742,0.18843792378902435,0.1860426813364029,0.1944197416305542,0.23310381174087524,0.18557262420654297
17/14362250,0.25126639008522034,0.27615606784820557,0.3055003881454468,0.3167784810066223,0.30863457918167114,0.2990058660507202,0.2894999384880066,0.29240578413009644
17/14400000,0.10918691009283066,0.13126759231090546,0.1346288025379181,0.15524516999721527,0.1321743279695511,0.13748526573181152,0.1466243714094162,0.13522939383983612
18/11124500,0.19880472123622894,0.22520950436592102,0.23814190924167633,0.24459896981716156,0.2670159935951233,0.2793477475643158,0.2975705862045288,0.25009840726852417
18/11141280,0.21628250181674957,0.22479990124702454,0.24647167325019836,0.253959983587265,0.24161526560783386,0.23804940283298492,0.24136540293693542,0.2375061959028244
18/11148900,0.34251517057418823,0.3511761426925659,0.3464646339416504,0.3442440330982208,0.3477100729942322,0.35964435338974,0.33098047971725464,0.34610500931739807
18/11151300,0.5776258111000061,0.5803385376930237,0.576664388179779,0.5774598121643066,0.5794473886489868,0.5840862989425659,0.5968983173370361,0.5817885994911194
18/11176400,0.3510495126247406,0.3716494143009186,0.37255623936653137,0.3774039149284363,0.3992116451263428,0.4114523231983185,0.44344404339790344,0.38953813910484314
18/11264500,0.07459492981433868,0.10964494943618774,0.12360037863254547,0.12795905768871307,0.1322653442621231,0.1418878734111786,0.15478181838989258,0.12353374809026718
18/11266500,0.0848350003361702,0.12046913057565689,0.13292196393013,0.1335611194372177,0.13476723432540894,0.1424022763967514,0.16895724833011627,0.13113075494766235
18/11284400,0.3118875026702881,0.35478729009628296,0.3463456928730011,0.34034180641174316,0.33245202898979187,0.3279411494731903,0.3820023834705353,0.34225115180015564
18/11451100,0.2318541258573532,0.2676674723625183,0.2772311866283417,0.2881969213485718,0.29652872681617737,0.3078118860721588,0.33763259649276733,0.2867030203342438
18/11468500,0.20591050386428833,0.21386730670928955,0.23217645287513733,0.22576414048671722,0.22810642421245575,0.23510576784610748,0.24850673973560333,0.22706231474876404
18/11473900,0.13213811814785004,0.15367236733436584,0.15399879217147827,0.16434164345264435,0.16697362065315247,0.1772278994321823,0.1712295562028885,0.1599399447441101
18/11475560,0.19863134622573853,0.23330245912075043,0.26265448331832886,0.2606067955493927,0.25465086102485657,0.24415256083011627,0.23092778027057648,0.2407034933567047
18/11476600,0.10747627913951874,0.13099545240402222,0.13542307913303375,0.13673415780067444,0.13857941329479218,0.13999716937541962,0.14538294076919556,0.13351212441921234
18/11478500,0.13973850011825562,0.16327811777591705,0.17636416852474213,0.18792428076267242,0.18469204008579254,0.18399520218372345,0.16112138330936432,0.17101597785949707
18/11480390,0.12824727594852448,0.1832069307565689,0.1985163390636444,0.19903944432735443,0.19876591861248016,0.20946337282657623,0.19470053911209106,0.18741963803768158
18/11481200,0.16636715829372406,0.16868102550506592,0.17213964462280273,0.17701590061187744,0.18590866029262543,0.19056390225887299,0.2267216145992279,0.18391363322734833
18/11482500,0.09512583911418915,0.11369755864143372,0.11961700767278671,0.12854063510894775,0.12606552243232727,0.12956824898719788,0.13879844546318054,0.12162952125072479
18/11523200,0.109321728348732,0.13829542696475983,0.1418217122554779,0.14874474704265594,0.15346325933933258,0.16341632604599,0.17602276802062988,0.1472969353199005
18/11528700,0.11883018165826797,0.15380902588367462,0.1689528226852417,0.1787419468164444,0.17430472373962402,0.17405204474925995,0.18235383927822113,0.16443432867527008
18/11532500,0.12038525193929672,0.14462783932685852,0.14034461975097656,0.14772620797157288,0.13376855850219727,0.1418532282114029,0.1406148225069046,0.1384739875793457
